xs,ys,zs,xe,ye,ze,h
67.752951,-53.684083,-60.305198,0.0,0.0,0.0,0.0
