xs,ys,zs,xe,ye,ze,h
91.964043,211.59967,-59.983233,0.0,0.0,0.0,0.0
