xs,ys,zs,xe,ye,ze,h
77.428129,217.78139,-33.701141,0.0,0.0,0.0,0.0
