xs,ys,zs,xe,ye,ze,h
10.154701,98.805351,-19.593932,0.0,0.0,0.0,0.0
