xs,ys,zs,xe,ye,ze,h
34.018535,-155.42036,-20.460203,0.0,0.0,0.0,0.0
