xs,ys,zs,xe,ye,ze,h
-31.38347,214.65562,5.2003323,0.0,0.0,0.0,0.0
