xs,ys,zs,xe,ye,ze,h
86.866525,-94.582773,-0.047961429,0.0,0.0,0.0,0.0
