xs,ys,zs,xe,ye,ze,h
-28.668814,194.04429,24.541724,0.0,0.0,0.0,0.0
