xs,ys,zs,xe,ye,ze,h
60.58494,-114.25142,-10.418507,0.0,0.0,0.0,0.0
