xs,ys,zs,xe,ye,ze,h
105.16079,171.75115,67.438982,0.0,0.0,0.0,0.0
