xs,ys,zs,xe,ye,ze,h
-103.96705,201.58045,46.600155,0.0,0.0,0.0,0.0
