xs,ys,zs,xe,ye,ze,h
-10.959372,200.9989,62.20618,0.0,0.0,0.0,0.0
