xs,ys,zs,xe,ye,ze,h
-9.8566809,180.50947,61.459413,0.0,0.0,0.0,0.0
