xs,ys,zs,xe,ye,ze,h
-99.089267,209.4679,63.173959,0.0,0.0,0.0,0.0
