xs,ys,zs,xe,ye,ze,h
-4.6258491,213.7551,74.39934,0.0,0.0,0.0,0.0
