xs,ys,zs,xe,ye,ze,h
-74.351673,81.172385,24.355294,0.0,0.0,0.0,0.0
-78.15,84.27,25.46,-76.662457,82.659634,24.971456,0.0
