xs,ys,zs,xe,ye,ze,h
-4.7995325,179.57734,70.362838,0.0,0.0,0.0,0.0
