xs,ys,zs,xe,ye,ze,h
86.80682,-115.63327,-12.146282,0.0,0.0,0.0,0.0
