xs,ys,zs,xe,ye,ze,h
-36.236748,143.6872,95.438328,0.0,0.0,0.0,0.0
