xs,ys,zs,xe,ye,ze,h
-97.195878,168.74297,132.41719,0.0,0.0,0.0,0.0
