xs,ys,zs,xe,ye,ze,h
1.5590504,183.25625,149.80523,0.0,0.0,0.0,0.0
