xs,ys,zs,xe,ye,ze,h
-9.3069789,166.35095,136.25232,0.0,0.0,0.0,0.0
