xs,ys,zs,xe,ye,ze,h
22.794219,144.45159,136.34576,0.0,0.0,0.0,0.0
