xs,ys,zs,xe,ye,ze,h
36.970588,123.08923,221.11146,0.0,0.0,0.0,0.0
