xs,ys,zs,xe,ye,ze,h
67.756595,20.023344,128.42821,0.0,0.0,0.0,0.0
72.82,21.77,138.37,56.958276,17.030222,108.23819,0.0
