xs,ys,zs,xe,ye,ze,h
5.2733356,-141.49894,115.31111,0.0,0.0,0.0,0.0
