xs,ys,zs,xe,ye,ze,h
14.15487,-138.5346,109.67639,0.0,0.0,0.0,0.0
