xs,ys,zs,xe,ye,ze,h
43.869797,-133.37595,95.525541,0.0,0.0,0.0,0.0
