xs,ys,zs,xe,ye,ze,h
99.059349,-171.99769,126.89356,0.0,0.0,0.0,0.0
