xs,ys,zs,xe,ye,ze,h
104.90311,-113.39582,66.137487,0.0,0.0,0.0,0.0
