xs,ys,zs,xe,ye,ze,h
71.792391,-132.75388,47.228366,0.0,0.0,0.0,0.0
