xs,ys,zs,xe,ye,ze,h
109.93859,-168.34536,63.92111,0.0,0.0,0.0,0.0
