xs,ys,zs,xe,ye,ze,h
-13.329565,-179.81987,4.9074627,0.0,0.0,0.0,0.0
