xs,ys,zs,xe,ye,ze,h
-28.075632,-77.585339,-16.384399,0.0,0.0,0.0,0.0
-27.86,-78.73,-17.2,-27.090424,-76.56351,-16.729143,0.0
