xs,ys,zs,xe,ye,ze,h
-13.738253,-89.702473,-22.557635,0.0,0.0,0.0,0.0
