xs,ys,zs,xe,ye,ze,h
10.323222,-100.87787,-45.829296,0.0,0.0,0.0,0.0
