xs,ys,zs,xe,ye,ze,h
-70.338136,-132.8893,-106.06122,0.0,0.0,0.0,0.0
