xs,ys,zs,xe,ye,ze,h
-75.189069,-129.01306,-112.13412,0.0,0.0,0.0,0.0
