xs,ys,zs,xe,ye,ze,h
-94.676942,-102.39937,-108.06568,0.0,0.0,0.0,0.0
