xs,ys,zs,xe,ye,ze,h
-138.14655,92.884,-21.797849,0.0,0.0,0.0,0.0
