xs,ys,zs,xe,ye,ze,h
-127.01632,-96.794347,44.839322,0.0,0.0,0.0,0.0
