xs,ys,zs,xe,ye,ze,h
-21.781232,-34.595603,37.076385,0.0,0.0,0.0,0.0
