xs,ys,zs,xe,ye,ze,h
132.50849,-47.533401,-28.134494,0.0,0.0,0.0,0.0
