xs,ys,zs,xe,ye,ze,h
-43.85831,-153.67557,61.370064,0.0,0.0,0.0,0.0
