xs,ys,zs,xe,ye,ze,h
128.33278,-43.983935,-33.265818,0.0,0.0,0.0,0.0
