xs,ys,zs,xe,ye,ze,h
18.618327,-109.46226,-171.52878,0.0,0.0,0.0,0.0
