xs,ys,zs,xe,ye,ze,h
20.358966,-95.631328,-170.06714,0.0,0.0,0.0,0.0
