xs,ys,zs,xe,ye,ze,h
98.690678,93.962766,-125.9805,0.0,0.0,0.0,0.0
