xs,ys,zs,xe,ye,ze,h
-9.2336119,78.842514,-198.87246,0.0,0.0,0.0,0.0
