xs,ys,zs,xe,ye,ze,h
-31.36054,85.450893,-138.78293,0.0,0.0,0.0,0.0
-29.1,86.48,-144.17,-26.618933,79.09516,-131.87157,0.0
