xs,ys,zs,xe,ye,ze,h
94.539506,114.02666,-52.290803,0.0,0.0,0.0,0.0
