xs,ys,zs,xe,ye,ze,h
46.442679,-155.7329,1.7583916,0.0,0.0,0.0,0.0
