xs,ys,zs,xe,ye,ze,h
-27.250205,104.62273,-87.061622,0.0,0.0,0.0,0.0
