xs,ys,zs,xe,ye,ze,h
-8.5774144,62.359979,73.235414,0.0,0.0,0.0,0.0
