xs,ys,zs,xe,ye,ze,h
12.957356,-83.442435,113.96514,0.0,0.0,0.0,0.0
