xs,ys,zs,xe,ye,ze,h
5.7478835,88.562804,-4.633411,0.0,0.0,0.0,0.0
6.16,91.08,-4.63,6.1957492,91.682902,-4.6581324,0.0
