xs,ys,zs,xe,ye,ze,h
-52.364142,96.10115,83.289054,0.0,0.0,0.0,0.0
