xs,ys,zs,xe,ye,ze,h
31.472465,-30.422223,20.251053,0.0,0.0,0.0,0.0
