xs,ys,zs,xe,ye,ze,h
41.214512,-17.287416,23.660815,0.0,0.0,0.0,0.0
