xs,ys,zs,xe,ye,ze,h
34.867803,-47.528583,-13.709139,0.0,0.0,0.0,0.0
