xs,ys,zs,xe,ye,ze,h
87.08144,-18.793846,-19.426954,0.0,0.0,0.0,0.0
89.32,-18.7,-20.25,92.06886,-19.264601,-20.869181,0.0
