xs,ys,zs,xe,ye,ze,h
39.883781,-11.607838,-5.6416752,0.0,0.0,0.0,0.0
41.04,-12.21,-6.02,40.481402,-12.041468,-5.9398344,0.0
