xs,ys,zs,xe,ye,ze,h
52.108,-7.2427124,-26.285272,0.0,0.0,0.0,0.0
53.25,-7.71,-26.35,50.129532,-7.255204,-24.80629,0.0
