xs,ys,zs,xe,ye,ze,h
69.629924,18.694064,-28.812762,0.0,0.0,0.0,0.0
