xs,ys,zs,xe,ye,ze,h
92.104664,-18.233311,-15.234552,0.0,0.0,0.0,0.0
