xs,ys,zs,xe,ye,ze,h
25.372045,51.738067,118.44657,0.0,0.0,0.0,0.0
