xs,ys,zs,xe,ye,ze,h
-45.722201,20.056773,-6.8823102,0.0,0.0,0.0,0.0
