xs,ys,zs,xe,ye,ze,h
32.387969,44.793758,85.235361,0.0,0.0,0.0,0.0
