xs,ys,zs,xe,ye,ze,h
-29.680642,65.93338,-7.0619677,0.0,0.0,0.0,0.0
-30.25,67.2,-7.2,-40.386089,89.714756,-9.6091416,1.0
