xs,ys,zs,xe,ye,ze,h
-3.6021056,75.711499,-4.4898447,0.0,0.0,0.0,0.0
-3.67,77.23,-4.58,-3.6054479,75.781296,-4.4939812,0.0
