xs,ys,zs,xe,ye,ze,h
123.2232,181.20273,-12.548858,0.0,0.0,0.0,0.0
