xs,ys,zs,xe,ye,ze,h
39.718449,9.8237943,55.969516,0.0,0.0,0.0,0.0
