xs,ys,zs,xe,ye,ze,h
28.692638,110.14629,1.3400831,0.0,0.0,0.0,0.0
