xs,ys,zs,xe,ye,ze,h
53.082823,37.753644,47.587027,0.0,0.0,0.0,0.0
