xs,ys,zs,xe,ye,ze,h
-58.863223,6.5641144,-9.77928,0.0,0.0,0.0,0.0
