xs,ys,zs,xe,ye,ze,h
-27.322802,9.8073009,-3.1498134,0.0,0.0,0.0,0.0
