xs,ys,zs,xe,ye,ze,h
-19.644753,78.267132,-6.6693774,0.0,0.0,0.0,0.0
