xs,ys,zs,xe,ye,ze,h
36.100094,26.71611,63.332474,0.0,0.0,0.0,0.0
