xs,ys,zs,xe,ye,ze,h
38.128763,48.925305,60.918597,0.0,0.0,0.0,0.0
