xs,ys,zs,xe,ye,ze,h
24.707821,40.648508,67.380805,0.0,0.0,0.0,0.0
25.22,41.63,68.45,24.854636,41.031554,67.474757,0.0
