xs,ys,zs,xe,ye,ze,h
40.982477,39.555891,57.478817,0.0,0.0,0.0,0.0
