xs,ys,zs,xe,ye,ze,h
28.880407,-47.768985,49.895521,0.0,0.0,0.0,0.0
28.71,-47.8,50.16,27.828914,-46.325212,48.614426,0.0
