xs,ys,zs,xe,ye,ze,h
-21.454369,-34.087739,40.474018,0.0,0.0,0.0,0.0
