xs,ys,zs,xe,ye,ze,h
-15.851227,-3.8341907,-25.78561,0.0,0.0,0.0,0.0
