xs,ys,zs,xe,ye,ze,h
10.985904,42.455903,-77.411027,0.0,0.0,0.0,0.0
11.19,44.27,-80.18,10.317163,40.820576,-73.931341,0.0
