xs,ys,zs,xe,ye,ze,h
51.148929,131.34887,-62.841155,0.0,0.0,0.0,0.0
