xs,ys,zs,xe,ye,ze,h
-70.263024,214.5445,-37.741193,0.0,0.0,0.0,0.0
