xs,ys,zs,xe,ye,ze,h
-77.077327,208.49066,-32.463186,0.0,0.0,0.0,0.0
