xs,ys,zs,xe,ye,ze,h
68.839217,182.71915,94.517181,0.0,0.0,0.0,0.0
