xs,ys,zs,xe,ye,ze,h
67.562054,54.098595,121.57832,0.0,0.0,0.0,0.0
70.59,56.55,127.76,106.04708,84.959564,191.95188,1.0
